nama_usaha,Rating,review,lat,lon,Alamat,Notes,Visited,Jenis Usaha,daerah
Java Lotus Hotel Jember,4.4,4641,-8.1725315,113.699621,"Jl. Gatot Subroto No.47, Tembaan, Kepatihan, Kec. Kaliwates, Kabupaten Jember, Jawa Timur 68131",Nanti akan diadakan suvey,No,Hotel,Patrang
Aston Jember Hotel & Conference Center,4.5,8552,-8.1811868,113.6869852,"Jl. Sentot Prawirodirdjo No.88, Telengsah, Jember Kidul, Kec. Kaliwates, Kabupaten Jember, Jawa Timur 68131",,,Hotel,Jember Kidul
Luminor Hotel Jember,4.4,2054,-8.1862625,113.689955,"Jl. KH Agus Salim No.28, Tegal Besar Kulon, Tegal Besar, Kec. Kaliwates, Kabupaten Jember, Jawa Timur 68131",,,Hotel,Jember Kidul
Hotel 88 Jember,4.2,2186,-8.1721948,113.6983188,"Jl. Diponegoro No.43, Tembaan, Kepatihan, Kec. Kaliwates, Kabupaten Jember, Jawa Timur 31114",,,Hotel,Patrang
Bintang Mulia Hotel & Resto,4.4,1900,-8.1808033,113.6779671,"Jl. Nusantara No.18, Kaliwates Kidul, Kaliwates, Jawa Timur, Kabupaten Jember, Jawa Timur 68133",,,Hotel,Kaliwates
Garden View,4.4,475,-8.1811993,113.7078423,"Jl. Pajajaran No.5, Lingkungan Sumberdand, Kebonsari, Kec. Sumbersari, Kabupaten Jember, Jawa Timur 68122",,,Hotel,Kebonsari
HOTEL FORTUNAGRANDE JEMBER,4.6,3289,-8.1767177,113.7171317,"Jl. Karimata No.43, Gumuk Kerang, Sumbersari, Kec. Sumbersari, Kabupaten Jember, Jawa Timur 68121",,,Hotel,Sumbersari
Hotel Royal Jember,4.3,2848,-8.1773752,113.7173635,"Jl. Karimata No.50 Kavling 2, Gumuk Kerang, Sumbersari, Kec. Sumbersari, Kabupaten Jember, Jawa Timur 68121",,,Hotel,Sumbersari
Hotel & Resto GM253,4.3,1558,-8.7555,113.687221,"Jl. Gajah Mada No.253, Patimura, Jember Kidul, Kec. Kaliwates, Kabupaten Jember, Jawa Timur 68131",,,Hotel,Tidak diketahui
Mitra Guest House,4.3,880,-8.1912941,113.6694349,"EH-6, Jalan Majapahit, Kaliwates Kidul, Kaliwates, Kec. Kaliwates, Kabupaten Jember, Jawa Timur 68131",,,Hotel,Jember Kidul
Kertanegara Homestay Jember,4.5,763,-8.1771878,113.6885131,"Jl. Kerta Negara, Patimura, Jember Kidul, Kec. Kaliwates, Kabupaten Jember, Jawa Timur 68131",,,Hotel,Jember Kidul
Grand Valonia,4.5,1362,-8.1703227,113.7242262,"Jl. Tidar Gg Valonia No.1, Krajan Barat, Sumbersari, Kec. Sumbersari, Kabupaten Jember, Jawa Timur 68121",,,Hotel,Sumbersari
Neo Cempaka Hill Hotel Jember,4.1,1631,-8.1582855,113.6833243,"Jl. Cempaka No.50, Kedawung Kidul, Gebang, Kec. Patrang, Kabupaten Jember, Jawa Timur 68117",,,Hotel,Gebang
Hotel Lestari near Lippo Plaza Mall Jember Mitra RedDoorz,4.1,710,-8.1794044,113.6780307,"Jl. Gajah Mada No.233, Kaliwates Kidul, Kaliwates, Kec. Kaliwates, Kabupaten Jember, Jawa Timur 68131",,,Hotel,Kaliwates
Hotel Bandung Permai,3.9,1444,-8.1840401,113.6666162,"Jl. Hayam Wuruk No.38, Gerdu, Sempusari, Kec. Kaliwates, Kabupaten Jember, Jawa Timur 66184",,,Hotel,Sempusari
Ebizz Hotel Jember,4.2,6,-8.1591579,113.7141491,"Jl. Kalimantan No.4, Krajan Timur, Sumbersari, Kec. Sumbersari, Kabupaten Jember, Jawa Timur 68121",,,Hotel,Sumber Lor
Rumah Kita Homestay,4.5,626,-8.1484911,113.7161236,"Jl. Srikoyo No.25, Krajan, Patrang, Kec. Patrang, Kabupaten Jember, Jawa Timur 68111",,,Hotel,Patrang
JC Homestay,4,1243,-8.1825114,113.6893555,"Jl. Sunan Drajat No.31, Telengsah, Jember Kidul, Kec. Kaliwates, Kabupaten Jember, Jawa Timur",,,Hotel,Jember Kidul
Ebizz Hotel Jember,4.2,12,-8.1591579,113.7141491,"Jl. Kalimantan No.4, Krajan Timur, Sumbersari, Kec. Sumbersari, Kabupaten Jember, Jawa Timur 68121",,,Hotel,Sumber Lor
Hotel Safari Jember,4.2,376,-8.1772403,113.7015914,"Jl. KH Achmad Dahlan No.33, Kebondalem, Kepatihan, Kec. Kaliwates, Kabupaten Jember, Jawa Timur 68131",,,Hotel,Kepatihan
LG Hotel Jember,4,285,-8.1824641,113.6883324,"Jl. Sentot Prawirodirdjo No.73, Talangsari, Jember Kidul, Kec. Kaliwates, Kabupaten Jember, Jawa Timur 68131",,,Hotel,Jember Kidul
eBizz Hotel,3.9,1217,-8.1591141,113.7141643,"Jl. Kalimantan No.4, Krajan Timur, Sumbersari, Kec. Sumbersari, Kabupaten Jember, Jawa Timur 60281",,,Hotel,Sumber Lor
Hotel Cendrawasih,4,1058,-8.1559082,113.6997683,"Jl. Cendrawasih No.22, Kreongan Atas, Jemberlor, Kec. Patrang, Kabupaten Jember, Jawa Timur 68118",,,Hotel,Sumber Lor
SponsoredÃƒÆ’Ã‚Â®ÃƒÂ¢Ã¢â€šÂ¬Ã¢â‚¬ÂÃƒÂ¢Ã¢â€šÂ¬Ã‚Â,4,1,-8.1559082,113.6997683,"Jl. Cendrawasih No.22, Kreongan Atas, Jemberlor, Kec. Patrang, Kabupaten Jember, Jawa Timur 68118",,,Hotel,Sumber Lor
Java Albani's,4.9,108,-8.1704165,113.7191999,"Jl. Jawa No.43, Tegal Boto Lor, Sumbersari, Kec. Sumbersari, Kabupaten Jember, Jawa Timur 68121",,,Hotel,Sumbersari
Hotel Safari Jember,4.2,376,-8.1772403,113.7015914,"Jl. KH Achmad Dahlan No.33, Kebondalem, Kepatihan, Kec. Kaliwates, Kabupaten Jember, Jawa Timur 68131",,,Hotel,Kepatihan
Hotel Flamboyan,4.5,608,-8.1912399,113.6966333,"Jl. Teuku Umar No.78, Lingkungan Krajan, Tegal Besar, Kec. Kaliwates, Kabupaten Jember, Jawa Timur 68122",,,Hotel,Jember Kidul
Albani's Guest House,4.8,147,-8.1706988,113.7101114,"Jl. Sumatra No.135a, Tegal Boto Lor, Sumbersari, Kec. Sumbersari, Kabupaten Jember, Jawa Timur 68121",,,Hotel,Kloncing
Hotel 91 Syariah,4.5,561,-8.1914231,113.6574088,"Jl. Mataram No.19, Krajan, Sempusari, Kec. Kaliwates, Kabupaten Jember, Jawa Timur 68131",,,Hotel,Mangli
Hotel Siti Jember,4.2,446,-8.1554478,113.7127645,"Jl. Moch. Sruji No.36, Cangkring, Patrang, Kec. Patrang, Kabupaten Jember, Jawa Timur 68111",,,Hotel,Patrang
Alice's Homestay Syariah,4.6,480,-8.1689118,113.7045891,"RPJ3+CVJ, Jl. Citarum No.10, Kp. Using, Jemberlor, Kec. Patrang, Kabupaten Jember, Jawa Timur 68118",,,Hotel,Kloncing
Ati Tentrem Guesthouse,4.7,184,-8.1782072,113.6862739,"Gg. 3 Jl. Jayanegara, Patimura, Jember Kidul, Kec. Kaliwates, Kabupaten Jember, Jawa Timur 68133",,,Hotel,Jember Kidul
Hotel Sulawesi,4.2,1569,-8.1804521,113.7031844,"Jl. Letjen. Suprapto XVIII, Lingkungan Sumberdand, Kebonsari, Kec. Sumbersari, Kabupaten Jember, Jawa Timur 68121",,,Hotel,Kebonsari
GRAHA 31 ed_Hotel Jember,4.4,14,-8.1519229,113.7026779,"Jalan Dr. Subandi, No. 31, Patrang, Kreongan Atas, Jemberlor, Kec. Patrang, Kabupaten Jember, Jawa Timur 68118",,,Hotel,Patrang
Raden Mansion Jember Urbanview,5,21,-8.1834169,113.703324,"Jl. Letjend Suprapto No.81, Lingkungan Sumberdand, Kebonsari, Kec. Sumbersari, Kabupaten Jember, Jawa Timur 68122",nanti kita kunjungi,No,Hotel,Kebonsari
Hotel Green Hills Jember,3,135,-8.1288102,113.7256797,"VPCG+76R, Area Sawah/Kulon, Baratan, Kec. Patrang, Kabupaten Jember, Jawa Timur 68112",,,Hotel,Baratan
Roso Tentrem by Calli Rooms,4.6,36,-8.1499221,113.7118873,"Komplek Ruko, Jl. DR. Soebandi No.A4, Patang Tengah, Patrang, Kec. Patrang, Kabupaten Jember, Jawa Timur 68111",,,Hotel,Patrang
New Ria Hotel Jember,4,400,-8.1735766,113.6965666,"Johar Plaza, Jl. Untung Suropati No.41, Tembaan, Kepatihan, Kec. Kaliwates, Kabupaten Jember, Jawa Timur 68137",,,Hotel,Kepatihan
SponsoredÃƒÆ’Ã‚Â®ÃƒÂ¢Ã¢â€šÂ¬Ã¢â‚¬ÂÃƒÂ¢Ã¢â€šÂ¬Ã‚Â,4,400,-8.1735766,113.6965666,"Johar Plaza, Jl. Untung Suropati No.41, Tembaan, Kepatihan, Kec. Kaliwates, Kabupaten Jember, Jawa Timur 68137",,,Hotel,Kepatihan
The Premiere Siti Hotel,4.1,14,-8.1553929,113.7127458,"Jl. Bondowoso - Jember No.37, Cangkring, Patrang, Kec. Patrang, Kabupaten Jember, Jawa Timur 68111",,,Hotel,Patrang
Arowana Hotel,4.1,518,-8.1593162,113.6754395,"Jl. Arowana No.73, Gebang Taman, Kb. Agung, Kec. Kaliwates, Kabupaten Jember, Jawa Timur 68131",,,Hotel,Kebon Agung
OYO 1352 Jember Town Square Residence,4.4,240,-8.1678132,113.7260612,"Jl. Kaliurang No.1, Krajan Barat, Sumbersari, Kec. Sumbersari, Kabupaten Jember, Jawa Timur 68121",,,Hotel,Sumbersari
Hotel Anda,4.1,307,-8.1727474,113.7007738,"Jl. R.A. Kartini No.40, Tembaan, Kepatihan, Kec. Kaliwates, Kabupaten Jember, Jawa Timur 68137",,,Hotel,Patrang
Rumah Tidar Home Stay,4.5,223,-8.1679962,113.7255851,"Jl. Tidar Perumahan tidar view No.a3, Krajan Barat, Sumbersari, Kec. Sumbersari, Kabupaten Jember, Jawa Timur 68121",,,Hotel,Sumbersari
Omah Mee Homestay Jember,4.9,89,-8.1814337,113.7108716,"Jl.Doho No.1C no.12, Lingkungan Sadengan, Kebonsari, Kec. Sumbersari, Kabupaten Jember, Jawa Timur 68122",,,Hotel,Kebonsari
Hotel Anugerah,4.2,654,-8.1763124,113.6992642,"Jl. Trunojoyo No.V No.68, Kauman, Kepatihan, Kec. Kaliwates, Kabupaten Jember, Jawa Timur 68131",,,Hotel,Kepatihan
Happy Family Homestay Jember Mitra RedDoorz,5,30,-8.1766533,113.6899093,"Jl. Kerta Negara Gg. 7 No.112A, Kelurahan Jember Kidu, Jember Kidul, Kec. Kaliwates, Kabupaten Jember, Jawa Timur 68131",,,Hotel,Jember Kidul
Tansah Tentrem by Calli Rooms,5,7,-8.1847589,113.6667475,"Ruko 1, Jl. Hayam Wuruk No.71, Gerdu, Kaliwates, Kec. Kaliwates, Kabupaten Jember, Jawa Timur 68133",,,Hotel,Sempusari
Modern Guest House Jember 168,4.4,35,-8.1822857,113.6552606,"Jl. Lumba-Lumba No.100-192, Mrapa, Sempusari, Kec. Kaliwates, Kabupaten Jember, Jawa Timur 68131",,,Hotel,Sempusari
Manggis Syariah Homestay,5,30,-8.1589551,113.7075761,"RPR5+C28, Jl. Manggis XI, Krajan, Jemberlor, Kec. Patrang, Kabupaten Jember, Jawa Timur 68118",,,Hotel,Sumber Lor
D'Kost Syariah,4.5,33,-8.1715574,113.7120381,"Jl. Nias No.20, Tegal Boto Lor, Sumbersari, Kec. Sumbersari, Kabupaten Jember, Jawa Timur 68121",,,Hotel,Sumbersari
Merpati homestay,4.7,47,-8.1869726,113.6662349,"Jl. Esplanade No.19-18, Gerdu, Sempusari, Kec. Kaliwates, Kabupaten Jember, Jawa Timur 68131",,,Hotel,Jember Kidul
Joy Homestay Near UMJ Jember Mitra RedDoorz,4.6,55,-0.8182365,113.716407,"Des, Jl. Letjen S.Parman No.35C, Gumuk Kerang, Sumbersari, Kec. Sumbersari, Kabupaten Jember, Jawa Timur 68121",,,Hotel,Kapuas
RedDoorz Syariah near Universitas Jember,4.8,104,-0.8170005,113.7117996,"Jl. Nias II No.15, Tegal Boto Lor, Sumbersari, Kec. Sumbersari, Kabupaten Jember, Jawa Timur 68121",,,Hotel,Kapuas
Super OYO Capital O 2798 Semeru Residence Syariah,3.6,326,-8.1753122,113.7232336,"Jalan Semeru, Ponjen Lor, Tegal Boto Kidul, Sumbersari, Kencong, East Java 68121",,,Hotel,Sumbersari
RedDoorz Syariah @ Jalan Gajah Mada,4,112,-8.1812004,113.6742816,"Jl. Gajah Mada No.222-224, Kaliwates Kidul, Kaliwates, Kec. Kaliwates, Kabupaten Jember, Jawa Timur 68131",,,Hotel,Kaliwates
Hotel Ambulu Jember,4.1,981,-8.3437268,113.5938626,"Jl. Manggar No.200, Tegalsari, Kec. Ambulu, Kabupaten Jember, Jawa Timur 68172",,,Hotel,Kesilir
Penginapan Zity Syariah,5,2,-8.1746393,113.6918661,"Gg. 3 No.3, Kelurahan Jember Kidu, Jember Kidul, Kec. Kaliwates, Kabupaten Jember, Jawa Timur",,,Hotel,Kepatihan
RSY,3.3,10,-8.1794908,113.6683444,"South Argopuro VI No.54, Kaliwates, Kec. Kaliwates, Kabupaten Jember, Jawa Timur 68131",,,Hotel,Kaliwates
OYO 91710 Hotel Anugerah,3.1,28,-8.1763608,113.6992621,"Alun alun, 68133 Jember, Jawa Timur, 68131, Jember Kidul, Jember Regency, East Java 68153",,,Hotel,Kepatihan
Karunia Hotel Jember,4,489,-8.214294,113.6918077,"Jalan MR. Wahid, Sumber Rejo, Wirowongso, Kec. Ajung, Kabupaten Jember, Jawa Timur 68175",,,Hotel,Tegal Besar
InnBox Capsule Hotel,4.6,609,-8.1596537,113.7131242,"Jl. Kalimantan IV Gg. 4 No.8, Krajan Timur, Sumbersari, Kec. Sumbersari, Kabupaten Jember, Jawa Timur 68121",,,Hotel,Sumber Lor
SponsoredÃƒÆ’Ã‚Â®ÃƒÂ¢Ã¢â€šÂ¬Ã¢â‚¬ÂÃƒÂ¢Ã¢â€šÂ¬Ã‚Â,3.6,326,-8.1753122,113.7232336,"Jalan Semeru, Ponjen Lor, Tegal Boto Kidul, Sumbersari, Kencong, East Java 68121",,,Hotel,Sumbersari
Hotel Nusantara,3.7,459,-8.1668533,113.7017989,"Jl. Wijaya Kusuma No.10, Pagah, Jemberlor, Kec. Patrang, Kabupaten Jember, Jawa Timur 68118",,,Hotel,Kloncing
Super OYO Capital O 1176 J3 Residence Syariah,3.4,219,-8.1728485,113.6893688,"A, Kab. Kidul, Jl. Melati Gg. Buntu No.176, Kb. Kidul, Jember Kidul, Kaliwates, Jember Regency, East Java 68131",,,Hotel,Gebang
SponsoredÃƒÆ’Ã‚Â®ÃƒÂ¢Ã¢â€šÂ¬Ã¢â‚¬ÂÃƒÂ¢Ã¢â€šÂ¬Ã‚Â,3.1,28,-8.1763608,113.6992621,"Alun alun, 68133 Jember, Jawa Timur, 68131, Jember Kidul, Jember Regency, East Java 68153",,,Hotel,Kepatihan
Kemayoran Hotel,3.9,291,-8.1793456,113.7037383,"Jl. Letjend Suprapto No.22, Lingkungan Sumberdand, Kebonsari, Kec. Sumbersari, Kabupaten Jember, Jawa Timur 68122",,,Hotel,Kebonsari
Saijaan Guesthouse UNEJ RedPartner,2,3,-8.1587113,113.7184984,"Jl. Batu Raden 1 No.52, Lingkungan Panji, Tegalgede, Kec. Sumbersari, Kabupaten Jember, Jawa Timur 68124",,,Hotel,Tegalgede
RedDoorz near Lippo Plaza Jember,4.1,25,-8.1825114,113.6893556,"Jl. Sunan Drajat No.31, Telengsah, Jember Kidul, Kec. Kaliwates, Kabupaten Jember, Jawa Timur 68131",,,Hotel,Jember Kidul
CASABLANCA HOMESTAY SYARIAH (RUMAH SEWA HARIAN DI JEMBER ),4.7,73,-8.1855982,113.6999045,"Cluster d'Safira, Griya, Gg. Casablanca Raya Jl. Letjend Suprapto XIV No.3, Lingkungan Krajan, Kebonsari, Kec. Sumbersari, Kabupaten Jember, Jawa Timur 68122",,,Hotel,Kebonsari
Foresta Papuma Resort,4.2,51,-8.4310673,113.5523888,"Jl. Raya, Area Kebun, Lojejer, Wuluhan, Jember Regency, East Java 61374",,,Hotel,Jember
Hotel Seven Dream,4.3,777,-8.1707149,113.7216852,"Jl. Riau No.2, Krajan Barat, Sumbersari, Kec. Sumbersari, Kabupaten Jember, Jawa Timur 68121",,,Hotel,Sumbersari
Hotel Mutiara Garden,4.1,390,-8.1877243,113.7537231,"Jl. Brigjend Katamso No.9, Sumber Dandang, Kertosari, Kec. Pakusari, Kabupaten Jember, Jawa Timur 68124",,,Hotel,Kertosari
OYO 2267 Albani's Family Residence,4.9,30,-8.1705992,113.7100419,"Jl. Sumatra No.131, Tegal Boto Lor, Sumbersari, Kec. Sumbersari, Kabupaten Jember, Jawa Timur 68121",,,Hotel,Patrang
Hotel Asri,4,572,-8.1726919,113.7000385,"Jl. Gatot Subroto No.39, Tembaan, Kepatihan, Kec. Kaliwates, Kabupaten Jember, Jawa Timur 68131",,,Hotel,Patrang
New Merdeka Hotel,4.2,932,-8.1709224,113.696934,"Jl. Sultan Agung No.116, Kepatihan, Jember, Kabupaten Jember, Jawa Timur 68131",,,Hotel,Patrang
Hotel Widodo,3.7,184,-8.1821793,113.703244,"Jl. Letjend Suprapto No.74, Lingkungan Sumberdand, Kebonsari, Kec. Sumbersari, Kabupaten Jember, Jawa Timur 68121",,,Hotel,Kebonsari
Kalimaya Residence - Kos Esklusif & Guest House Jember,4.7,6,-8.1821874,113.6634337,"Komp. Mandiri Land FF 3 No.3 Blok C6, Gerdu, Sempusari, Kaliwates, Jember Regency, East Java 68131",,,Hotel,Sempusari
Super Capital O 1475 Oemah Jawa Family Residence,2.8,327,-8.168324,113.711471,"3, Jl. Jawa No.3, Tegal Boto Lor, Sumbersari, Kec. Kaliwates, Kabupaten Jember, Jawa Timur 68121",,,Hotel,Sumbersari
Hotel Ardi Candra,3.9,250,-8.1811161,113.6741865,"Jl. Gajah Mada No.222-224, Kaliwates, Kec. Kaliwates, Kabupaten Jember, Jawa Timur 68131",,,Hotel,Kaliwates
Hotel Tomiharini,3.7,406,-8.195432,113.637532,"Jl. Brawijaya No.92, Jubung Lor, Jubung, Kec. Sukorambi, Kabupaten Jember, Jawa Timur 68151",,,Hotel,Jubung
Gudeg dan Pecel Lumintu Jember,4.6,3843,-8.1793259,113.6877079,Jl. Kerta Negara No.33,,,Restaurant,Jember Kidul
SRI REJEKI Resto,4.7,1289,-8.1762083,113.7224492,Jl. Semeru No.85,,,Restaurant,Sumbersari
RESTO IKAN GORENG CIANJUR JEMBER,4.4,1350,-8.1763565,113.6710715,PERUMAHAN. ARGOPURO BOULEVARD No.AB 25-31 Rumah makan bernuansa santai dan nyaman,,,Restaurant,Kaliwates
De Terrace Cafe & Resto,4.7,1190,-8.1751717,113.7019039,Jl. Trunojoyo Jl. Kauman No.42,,,Cafe,Kepatihan
Warung Bu Darum,4.5,1365,-8.1721931,113.6941799,Jl. Gajah Mada Kelurahan No.23,,,Restaurant,Gebang
Semeru Cafe & Resto,4.5,875,-8.1736402,113.7216415,Gg. Lembah Permai No.9-109,,,Cafe,Sumbersari
Resto Legian Jember,4.3,1688,-8.1726294,113.6907489,Jl. Gajah Mada No.78 ,,,Restaurant,Gebang
Donato Jember,4.4,780,-8.1758559,113.6898433,Jl. Kerta Negara Gg. 3 No.11,,,Restaurant,Jember Kidul
YOEMI CAFE AND RESTO,4.4,111,-8.1772464,113.6955851,Jl. Dr. Sutomo No.22 ,,,Cafe,Kepatihan
Depot Jawa Timur,4.3,1760,-8.1729195,113.7030888,"u bb, Jl. Gatot Subroto No.8",,,Restaurant,Patrang
Cak Sis Resto (CSR),4.4,2037,-8.1747503,113.7004834,Jl. R.A. Kartini No.64 Kedai seafood segar bernuansa santai,,,Restaurant,Kepatihan
Rumah Makan Lestari Jember,4.4,2503,-8.1702413,113.7008826,Jl. R.A. Kartini No.14 - 16 Restoran kasual di paviliun yang luas,,,Restaurant,Kloncing
NOG (New Ocean Garden) Resto,4.2,947,-8.1767513,113.7103233,Jl. Perumahan Gn. Batu No.C2 ,,,Restaurant,Sumbersari
Foodgasm Bistro,4.6,1739,-8.170428,113.7210272,Jl. Jawa No.37,,,Restaurant,Sumbersari
Sop Ayam Pecok Tellu Jember,4.6,732,-8.1758462,113.6851225,Jl. Gajah Mada No.159,,,Restaurant,Kaliwates
Liku Brasserie,4.3,168,-8.1801409,113.7039085,Jl. Letjend Suprapto ,,,Cafe,Kebonsari
Rolas Cafe and Eatery,4.4,762,-8.1743988,113.6870188,"Kb. Kidul, Jember Kidul, Kec. Kaliwates, Kabupaten Jember, Jawa Timur 68131",,,Cafe,Gebang
Mie Rama Jember,4.5,797,-8.1716102,113.6979343,Jl. Diponegoro No.26,,,Restaurant,Patrang
Ayam Gephok Pak Giek,4.6,2060,-8.1586445,113.715433,Jl. Mastrip Blk. H / Blk. I No.19A Restoran standar ayam goreng,,,Restaurant,Tegalgede
Tanaloka Eatery,4,511,-8.1658389,113.7115351,Jl. Kalimantan No.68 ,,,Restaurant,Sumber Lor
Cafe Balkon Jember,4.9,136,-8.1614324,113.7138387,"Tegal Boto, Lantai Balkon, Jl. Kalimantan No.23 ",,,Cafe,Sumber Lor
Restoran Taman Mangli Indah,4.4,1983,-8.1899168,113.6540873,Jl. Hayam Wuruk No.183,,,Restaurant,Mangli
Fujiyama Sushi Jember,4.5,1241,-8.1778806,113.6720932,Perumahan Argopuro No.Ab 14,,,Restaurant,Kaliwates
RM Sari Jaya,4.3,496,-8.1708972,113.6969907,Jl. Sultan Agung No.124,,,Restaurant,Patrang
Hongdae Korean Grill,4.4,695,-8.1828831,113.6634145,Jl. Hayam Wuruk ,,,Restaurant,Sempusari
Depot Ayam Goreng AON jember,4.2,38,-8.1733569,113.7042321,Jl. Ahmad Yani No.61 ,,,Restaurant,Patrang
Warung Tera',4.4,799,-8.1849891,113.6646366,Jl. Hayam Wuruk No.44,,,Restaurant,Sempusari
Wafa17 Resto & Coffee,4.1,137,-8.1773472,113.6938855,Jl. KH Shiddiq No.17A ,,,Cafe,Jember Kidul
DÃ¢â‚¬â„¢Cost Roxy Square Jember,4,314,-8.184653,113.6635674,Jl. Hayam Wuruk No.43 ,,,Restaurant,Sempusari
Sushikun - Lippo plaza jember,4.8,2365,-8.1730819,113.6878597,"Jl. Gajah Mada No.106, Kb. Kidul Jember Kidul, Kec. Kaliwates, Kabupaten Jember, Jawa Timur 68131 ",,,Restaurant,Gebang
COWCOW STEAK JEMBER,4.9,385,-8.1754791,113.6997012,Jl. Trunojoyo No.79 ,,,Restaurant,Kepatihan
Warung Bromo,4.4,977,-8.1648796,113.7024975,Jl. Mawar No.19 No.32,,,Restaurant,Sumber Lor
QUA-LI Jember,4.6,169,-8.1871548,113.6664079,Jl. Mojopahit No.32-33 ,,,Restaurant,Jember Kidul
Restoran Sari Utama,4.4,492,-8.1723246,113.6938603,Jl. Gajah Mada Kelurahan No.27,,,Restaurant,Gebang
LEZAT RESTO JEMBER,4.5,149,-8.1851263,113.6668777,Jl. Mojopahit B-09 ,,,Restaurant,Sempusari
Matjeo Korean Grill Jember,4.3,246,-8.1752243,113.7024978,Jl. Trunojoyo No.36,,,Restaurant,Kepatihan
Alocasia Cafe and Eatery,4.5,226,-8.1698451,113.7239701,Jl. Riau Gg. Paving,,,Cafe,Sumbersari
Queen Cafe & Resto Jember,4.4,343,-8.1985557,113.6858753,Jl. Moh. Yamin No.88 ,,,Cafe,Muktisari
Depot Dahlia Jember,4.8,48,-8.1708755,113.6949751,Jl. Kenanga No.22 ,,,Restaurant,Patrang
Tempo Doeloe Kopitiam,3.9,87,-8.1750694,113.697698,Jl. Diponegoro No.103 ,,,Restaurant,Kepatihan
Cafe & Resto Ala Bagio,4.6,74,-8.154183,113.725115,"Lingkungan Panji, Tegalgede, Kec. Sumbersari, Kabupaten Jember, Jawa Timur 68124",,,Restaurant,Tegalgede
Ichiban Sushi - Plaza Jember,4.9,1360,-8.1740431,113.6878633,Jl. Gajah Mada No.106 ,,,Restaurant,Gebang
Sambel Sasa Resto dan Cafe Jember,4.9,10,-8.1710864,113.728759,Jl. Tidar No.138 ,,,Restaurant,Sumbersari
New Sari Utama Restaurant,4.6,36,-8.1892681,113.6558976,Jl. Hayam Wuruk No.173-175 ,,,Restaurant,Mangli
los cafe and resto ( SEHAT TENTREM ),4.5,132,-8.1678923,113.7103522,Jl. Bengawan Solo No.21 ,,,Restaurant,Kloncing
"Rumpi Rumpi Cafe ""Home Bistro""",4,416,-8.1702076,113.7271078,"Kloncing, Karangrejo, Kec. Sumbersari, Kabupaten Jember, Jawa Timur 68124",,,Cafe,Sumbersari
Ceker Presto Redjo,4.7,214,-8.1704935,113.703073,Jl. Ahmad Yani No.05,,,Cafe,Kloncing
Hotel & Resto GM253,4.4,1569,-8.17493,113.687221,Jl. Gajah Mada No.253 Hotel kasual dengan resto & Wi-Fi gratis,,,Restaurant,Gebang
Aston Jember Hotel & Conference Center,4.5,8674,-8.1811868,113.6869852,Jl. Sentot Prawirodirdjo No.88 Hotel modern dengan restoran dan kolam,,,Restaurant,Jember Kidul
Pepper Lunch Lippo Plaza Jember,4.9,1245,-8.1736792,113.6876761,Jl. Gajah Mada No.106 ,,,Restaurant,Gebang
Lawuh Ndeso Jeng Shanti,4.5,141,-8.1801994,113.6896985,Jl. Sunan Bonang No.40 ,,,Restaurant,Jember Kidul
Soto Ayu,4.5,1065,-8.1748961,113.6948068,Jl. Samanhudi No.Kelurahan,,,Restaurant,Kepatihan
Wina Modern Bakery,4.5,605,-8.1725329,113.6980593,Jl. Diponegoro No.47 ,,,Toko Kue,Patrang
Resto & Cafe Red Pepper Tawang Mangu Jember,4.6,22,-8.1510701,113.73275,Jl. Tawang Mangu No.6A ,,,Cafe,Tegalgede
Warung Makan Murah Mbak Lis,4.4,71,-8.1783124,113.6931807,Jl. KH Shiddiq No.17A ,,,Restaurant,Jember Kidul
Ta Wan - Lippo Plaza Jember,4.6,267,-8.1740431,113.6878633,Jl. Gajah Mada No.106 ,,,Restaurant,Gebang
Emado's Jember,3.7,192,-8.1755828,113.696919,Jl. Trunojoyo No.127 ,,,Restaurant,Kepatihan
Umamie Jember,5,11,-8.1772886,113.6930677,Jl. KH Shiddiq ,,,Restaurant,Kepatihan
Po Kang (d/h Resto BARBAR Chinese Food),4.2,640,-8.180529,113.7037393,Jl. Letjend Suprapto No.35,,,Restaurant,Kebonsari
Cafe Tahu Petis Bagoestira Jember,4.4,175,-8.1726055,113.7007133,"Tembaan, Kepatihan, Kec. Kaliwates, Kabupaten Jember, Jawa Timur",,,Cafe,Patrang
Kedai LenQuas,4.6,655,-8.1757513,113.7179284,Jl. Karimata,,,Restaurant,Sumbersari
KFC,4.4,4304,-8.1726589,113.6907882,Jl. Gajah Mada No.74 Franchise restoran ayam goreng,,,Restaurant,Gebang
Kopitiam Sumber Redjo,4.8,136,-8.1704852,113.7030948,Jl. Ahmad Yani No.5 ,,,Restaurant,Kloncing
Marugame Udon Lippo Plaza Jember,4.1,94,-8.17375,113.6876321,l Jl. Gajah Mada No.106 ,,,Restaurant,Gebang
Ayam goreng ananda,4.4,412,-8.1784783,113.679715,Jl. Gajah Mada No.237,,,Restaurant,Kaliwates
RM. Padang Taman Salero Jember,4.5,560,-8.1630468,113.7055725,Jl. Wijaya Kusuma No.60,,,Restaurant,Sumber Lor
DimsumQ.Jember,4.4,50,-8.1796251,113.6927726,Jl. KH Shiddiq No.37 ,,,Restaurant,Jember Kidul
Bakwan Eddy Gajah Mada Jember,4.4,724,-8.1735515,113.6897782,Jl. Gajah Mada No.167,,,Restaurant,Gebang
XO Suki Lippo Plaza Jember,4.4,240,-8.1737668,113.6880298,"Kb. Kidul, Jember Kidul, Kec. Kaliwates, Kabupaten Jember, Jawa Timur",,,Restaurant,Gebang
Galbi chan korean grill jember,4.5,13,-8.172836,113.691772,Jl. Gajah Mada No.89 ,,,Restaurant,Gebang
Depot Anda Jember,4.4,300,-8.1727756,113.7006474,Jl. Jend. Gatot Subroto No.31,,,Restaurant,Patrang
D'Cost Lippo Plaza Jember,4.1,208,-8.173934,113.6880473,"Kb. Kidul, Jember Kidul, Kec. Kaliwates, Kabupaten Jember, Jawa Timur 68131",,,Restaurant,Gebang
Discuss Space & Coffee,4.3,501,-8.1693093,113.713302,Jl. Jawa II ,,,Cafe,Sumbersari
Dimsamcong,4.2,58,-8.1729673,113.7083506,Jl. Sumatra No.88 ,,,Toko Kue,Kloncing
Cafe & Resto D'Bamboo,4.5,255,-8.119238,113.7595208,Jl. Mawar,,,Cafe,Biting
CFC Golden Market Jember,4.3,2069,-8.1751717,113.7019039,Jl. Trunojoyo No.42,,,Restaurant,Kepatihan
Pule Resto Sukorambi,4.6,169,-8.1616658,113.6637637,Jl. Mujahir No.1 ,,,Restaurant,Sukorambi
Kuliner Jember Warung'e Aira,4.5,186,-8.1695294,113.6795802,Jl. Teratai No.101,,,Restaurant,Gebang
Yoshinoya Japanese Restaurant,4.4,1388,-8.172595,113.6909332,Jl. Gajah Mada No.74,,,Restaurant,Gebang
Mie Apong Sampoerna Diponegoro,4.4,659,-8.1726557,113.6975102,Jl. Diponegoro,,,Restaurant,Patrang
Mie Apong Sampoerna Diponegoro,4.4,659,-8.1726557,113.6975102,Jl. Diponegoro,,,Restaurant,Patrang
Hollnando Jember,4.4,12,-8.1722686,113.6940361,"Kelurahan Jember Kidu, Jember Kidul, Kec. Kaliwates, Kabupaten Jember, Jawa Timur",,,Toko Kue,Gebang
Lekker Restaurant,,0,-8.1813909,113.6842103,Jl. Sentot Prawirodirdjo No.88 ,,,Restaurant,Jember Kidul
KEDATON KAFE & RESTO,3.8,33,-8.1732175,113.6891104,Jl. Melati ,,,Restaurant,Gebang
Cempaka Food Club,4.1,21,-8.1590856,113.6833829,Jl. Cempaka 2 No.48 ,,,Restaurant,Gebang
Pizza Hut Restoran,4.6,4772,-8.1675371,113.7022341,Jl. PB Sudirman No.7,,,Restaurant,Kloncing
Terang Bulan & Martabak KING,4.5,520,-8.1768911,113.7172997,Jl. Karimata No.50,,,Toko Kue,Sumbersari
Mie Rejeki,4.5,294,-8.1729699,113.6959465,Jl. Samanhudi No.51,,,Restaurant,Patrang
Omo Korean Street Food,4.8,19,-8.173781,113.6910758,"71, Jl. HOS Cokroaminoto No.5 ",,,Restaurant,Gebang
Seblak Preanger,4.5,2066,-8.1701805,113.7106562,Jl. Sumatra No.122a,,,Restaurant,Kloncing
Maramu Ramen Lippo Plaza Jember,4.9,14,-8.173871,113.6878387,Lippo plaza ,,,Restaurant,Gebang
Sego Bebek SR,4.5,30,-8.1670576,113.7116427,Jl. Kalimantan No.69 ,,,Restaurant,Sumbersari
Last Minutes Pool and Bistro,4.8,83,-8.1727872,113.7022511,Jl. Gatot Subroto No.26 kavling 3&4 ,,,Cafe,Patrang
Rumah makan lantabure,4.7,65,-8.2127726,113.6901779,Jl. MH. Thamrin ,,,Restaurant,Tegal Besar
Soto Ayam Dahlok,4.4,764,-8.1700053,113.6994795,"Tembaan, Kepatihan, Kec. Kaliwates, Kabupaten Jember, Jawa Timur 68131",,,Restaurant,Kloncing
Rumah Makan Mewah,4.4,474,-8.1332234,113.3775708,"Sumberejo, Yosorati, Kec. Sumberbaru, Kabupaten Jember, Jawa Timur 68156",,,Restaurant,Yosorati
Solaria - Lippo Plaza Jember,3.8,160,-8.1736389,113.6880408,"Lippo Plaza Jember, Jl. Gajah Mada No.104 lantai GF ",,,Restaurant,Gebang
Let's Grill Jember (@letsgrill_jember),4.8,10,-8.1706156,113.6912614,Jl. Kenanga VII No.114 Blok 7 ,,,Restaurant,Gebang
Depot Pangsit Mie Gandrung,4.5,1959,-8.1704384,113.6793787,Jl. Teratai No.55,,,Restaurant,Gebang
CAFE GAMA WITEL JEMBER,4.3,6,-8.1741424,113.6856812,"Kantor Telkom Jember Tempat Parkir Sepeda, 68131 ",,,Cafe,Jember Kidul
Waroeng Ermins,4,114,-8.1941824,113.6404922,Jl. Brawijaya ,,,Restaurant,Jubung
B Seafood Resto,5,2,-8.1739125,113.6874568,"Lippo Plaza, Jl. Gajah Mada No.106 Lt. IV ",,,Restaurant,Gebang
Soto Ayam H. SYUKRI,4.3,948,-8.1734312,113.6893012,Jl. Gajah Mada,,,Restaurant,Gebang
Mac Coffee Jember,4.7,47,-8.1792218,113.6854066,Jl. Jayanegara No.10F ,,,Cafe,Jember Kidul
Gilacoklatz jember,5,1,-8.1782524,113.6930721,Jl. KH Shiddiq No.20 ,,,Cafe,Jember Kidul
Bakso Pak Samino Sorlem,4.6,803,-8.1688466,113.6938444,Jl. Kenanga No.132,,,Restaurant,Gebang
Nasi Uduk Monas dpn Toko Bima sakti jember,4.7,113,-8.1720372,113.6937006,"Kelurahan Jember Kidu, Jember Kidul, Kec. Kaliwates, Kabupaten Jember, Jawa Timur",,,Restaurant,Gebang
Cafe Tebing TBS,4.4,470,-8.1623916,113.6613998,Jl. Mujahir,,,Cafe,Sukorambi
Depot Selera,4.6,40,-8.1717241,113.6981196,Jl. Diponegoro No.35 ,,,Restaurant,Patrang
Sate Pak Malud,4.6,367,-8.1754576,113.6987141,Jl. Trunojoyo No.100,,,Restaurant,Kepatihan
The Millennials Lippo Plaza Jember,5,8,-8.1733485,113.6878015,"J-Kitchen Area, Lippo Plaza Jember, lt 2F ",,,Restaurant,Gebang
"RM Padang ""SARI MINANG""",4.6,122,-8.1718208,113.6952911,"Kelurahan Jember Kidu, Jember Kidul, Kec. Kaliwates, Kabupaten Jember, Jawa Timur",,,Restaurant,Patrang
Burger Bangor Jember Aston,3.7,32,-8.177033,113.6938263,Jl. KH Shiddiq No.11 ,,,Restaurant,Jember Kidul
"Tuniang, Masakan Khas Bali - Gajah Mada",4.7,20,-8.1726777,113.6926,Jl. Gajah Mada ,,,Restaurant,Gebang
Rumah Sakit Baladhika Husada (RS DKT) Jember,4.7,1361,-8.1639486,113.7061723,Jalan Panglima Besar Sudirman No.45,,,Rumah Sakit,Sumber Lor
Rumah Sakit Perkebunan Jember Klinik,4.6,3203,-8.167644,113.7056044,Jl. Bedadung No.2,,,Rumah Sakit,Kloncing
Rumah Sakit Citra Husada Jember,4.4,671,-8.166839,113.6806659,Jl. Teratai No.22,,,Rumah Sakit,Gebang
Siloam Hospitals Jember,4.7,2694,-8.174168,113.687541,Jl. Gajah Mada No.104,,,Rumah Sakit,Gebang
Rumah Sakit Daerah (RSD) dr. Soebandi,4.4,2619,-8.1509529,113.7154793,Jl. DR. Soebandi No.124,,,Rumah Sakit,Patrang
Rumah Sakit Umum Kaliwates,4.4,2038,-8.1819642,113.675106,Jl. Diah Pitaloka No.4a,,,Rumah Sakit,Kaliwates
Rumah Sakit Paru Jember,4.7,685,-8.1598861,113.7055886,Jl. Nusa Indah No.28,,,Rumah Sakit,Sumber Lor
Rumah Sakit Bina Sehat,4.1,1492,-8.180509,113.6849282,Jl. Jayanegara No.7,,,Rumah Sakit,Jember Kidul
RSU Srikandi IBI Jember,4.6,445,-8.1858931,113.690357,Jl. KH Agus Salim No.20,,,Rumah Sakit,Jember Kidul
Rumah Sakit Daerah (RSD) Balung - Jember,4.1,1114,-8.2708113,113.5397375,"PGHQ+MVH, Jl. Rambipuji",,,Rumah Sakit,Gumelar
RSD Kalisat Kabupaten Jember,4.5,647,-8.1339695,113.8213212,"VR8C+898, Jl. MH. Thamrin No.31",,,Rumah Sakit,Ajung
Rumah Sakit Umum Universitas Muhammadiyah Jember,4.7,236,-8.2097558,113.7033275,Jl. Wolter Monginsidi No.91,,,Rumah Sakit,Tegal Besar
RS. Lippo Jember,3.7,3,-8.174096,113.6877204,"RMGQ+939, Jl. Gajah Mada",,,Rumah Sakit,Gebang
Rumah Sakit Gigi dan Mulut Pendidikan Universitas Jember,4.8,98,-8.1607138,113.7179415,Jl. Universitas Jember,,,Rumah Sakit,Sumbersari
IGD RSGM Universitas Jember,4.3,3,-8.1606507,113.7179606,Jl. Kalimantan No.37,,,Rumah Sakit,Sumbersari
Rumah Sakit Umum TNI Angkatan Darat (DKT),3.5,20,-8.1638307,113.7060353,Jl. PB Sudirman No.45,,,Rumah Sakit,Sumber Lor
Ruang Catleya REU Dr. Soebandi Jember,4.9,8,-8.1519113,113.7156931,RPX8+67P,,,Rumah Sakit,Patrang
Rumah Sakit Utama Husada,3.9,98,-8.3443157,113.5983314,Jl. Manggar No.134,,,Rumah Sakit,Perumahan Manggar Permai
Klinik Kimia Farma UNEJ Medical Center (UMC KLINIK),4.8,1958,-8.1621178,113.7141336,Jl. Kalimantan,,,Rumah Sakit,Sumbersari
Rumah Sakit PTPN XII Kaliwates,4.3,23,-8.1817499,113.6751246,"RM9G+825, JL. Ajung Krajan, Ajung",,,Rumah Sakit,Kaliwates
Ruang hemodialisa.. Rs Jember Klinik,4.5,10,-8.1675219,113.7047635,Ã‚Â·,,,Rumah Sakit,Kloncing
PT. ROLAS NUSANTARA MEDIKA,4.3,56,-8.1811977,113.675153,Jl. Gajah Mada No.15,,,Rumah Sakit,Kaliwates
RS PTN Universitas Jember,5,4,-8.1491618,113.7212574,,,,Rumah Sakit,Tegalgede
Proses Rumah Sakit Paru Jember (Bangunan Baru),5,3,-8.1922934,113.7016157,Jl. Basuki Rahmat No.1,,,Rumah Sakit,Muktisari
Instalasi Bedah Sentral RS.Paru Jember (World Class Chest Hospital),5,1,-8.1597072,113.7059397,Jl. Nusa Indah No.7,,,Rumah Sakit,Sumber Lor
Klinik Rumah Sehat Keluarga,4.9,17,-8.1543942,113.7255121,Ã‚Â·,,,Klinik,Tegalgede
Rumah Bersalin Margi Rahayu,4.6,20,-8.1625356,113.7076263,Ã‚Â·,,,Rumah Sakit,Sumber Lor
"Praktek Dokter Spesialis Anak Jember dr.Ririn Esterina,SpA (dr.Ester,SpA)",5,453,-8.1532712,113.6783067,Ã‚Â·,,,Rumah Sakit,Kebon Agung
Provider Rawat Inap Garda Medika - RS PTPN 10,,,-8.166994,113.7050176,Jl. Bedadung No.3,,,Rumah Sakit,Kloncing
Klinik Dokterku Mitra Sehat,3.8,4,-8.2544021,113.650524,PMW2+66J,,,Klinik,Ajung
Klinik Cempaka Medistra & Rehabilitasi Stroke,4.8,206,-8.158228,113.6826006,"RMRM+M3W, perum puri cempaka Jl. Cempaka No.C1",,,Klinik,Gebang
Klinik Pratama,4.9,18,-8.17352,113.7241131,,,,Klinik,Sumbersari
RUMAH SAKIT BHAKTI PRATAMA,3.6,41,-8.1772736,113.7963492,Ã‚Â·,,,Rumah Sakit,Mayang
RS Mangkrak,,,-8.1908093,113.683225,,,,Rumah Sakit,Jember Kidul
Rumah Sunat Jember,5,1,-8.1878234,113.6488941,Ã‚Â·,,,Rumah Sakit,Mangli
Poskesdes Glagahwero,4.7,3,-8.1731153,113.612465,,,,Rumah Sakit,Glagahwero
Klinik Indonesia Sehat,4.4,48,-8.3005857,113.6791274,Jl. KH. Abdurrahman No.6,,,Klinik,Tempurejo
Klinik Pratama Harapan Sehat,4.1,36,-8.1912579,113.7959827,Ã‚Â·,,,Klinik,Tegal Waru
Graha Puger Sehat,3.8,43,-8.3588035,113.4720077,Ã‚Â·,,,Rumah Sakit,Grenden
Instalasi Forensik RSD dr. Soebandi Jember,,,-8.1528145,113.7151523,Jl. Jeruk No.9,,,Rumah Sakit,Patrang
RSU UNMUH JEMBER,4.8,27,-8.2112055,113.7024083,Jl. Wolter Monginsidi No.91,,,Rumah Sakit,Keranjingan
Klinik Batalyon 509,4.7,12,-8.1812381,113.7286429,RP9H+GF2,,,Klinik,Kloncing
Klinik Graha Medistra Complementer,,,-8.3812182,113.551257,,,,Klinik,Jember
heliport Siloam Hospital Jember,,,-8.173741,113.6877381,RMGQ+G35,,,Rumah Sakit,Gebang
R. Melati RSD Balung,3.8,15,-8.2710579,113.5403829,Jl. Flores No.57,,,Rumah Sakit,Balung
nanang hospital,,,-8.2066799,113.5835193,Ã‚Â·,,,Rumah Sakit,Petung
Klinik Pratama Al-Kaff Medika,4.1,57,-8.3340005,113.5244961,"MG8F+9QX, Jalan",,,Klinik,Dukuh Dempok
Griya Wound Care Jember,5,2,-8.1435035,113.7352556,,,,Klinik,Baratan
"Klinik "" PUSPA MEDIKA """,4.5,66,-8.2295403,113.9052861,Jl. Banyuwangi No.Km. 29.2,,,Klinik,Jember
Jl Teuku Umar VI,5,2,-8.1905563,113.6934472,,,,Rumah Sakit,Jember Kidul
UPT Pelayanan Kesehatan Universitas Jember,5,3,-8.1686778,113.7186561,Jl. Kalimantan Kampus Bumi No.37,,,Klinik,Sumbersari
Klinik Assunniyyah,4.8,103,-8.2665978,113.3718083,"P9MC+9P7, Jalan Tanggul",,,Klinik,Kencong
Posyandu jambu 34 Dan Toko Najed,5,2,-8.2206262,113.6560864,,,,Klinik,Pancakarya
Klinik Adhirani Putri Medika,4.2,44,-8.2644731,113.3537116,"P9P3+6F8, Jl. Krakatau",,,Klinik,Jombang
LABORATORIUM MOLEKULER PCR JK,,,-8.168856,113.7042592,,,,Rumah Sakit,Kloncing
Rumkit Tk.III Baladika Husada Jember,,,-8.2603069,113.6704232,,,,Rumah Sakit,Jenggawah
Medical Utama,,,-8.1733118,113.7009312,,,,Rumah Sakit,Kepatihan
"Klinik Pratama Rawat Inap ""AMPEL SEHAT""",4.1,30,-8.349625,113.5424406,MG2R+4XW,,,Klinik,Ampel
SIMRS RSD Balung,5,2,-8.2712977,113.5398397,,,,Rumah Sakit,Gumelar
bpm.Jabal Rahmah,5,1,-8.2863942,113.5938967,Ã‚Â·,,,Rumah Sakit,Curahmalang
Ruang Bougenville,5,1,-8.1585097,113.7036281,,,,Rumah Sakit,Sumber Lor
Ny. Hj. Khusnul H,5,1,-8.3552163,113.6039475,,,,Rumah Sakit,Tegalsari
KLINIK NURUS SYIFA BANGSALSARI - JEMBER,4.3,15,-8.2011836,113.5343614,Ã‚Â·,,,Klinik,Gambirono
Klinik Bu Siti Romlah,5,5,-8.3073597,113.4425845,,,,Klinik,Bagorejo
Puskesmas satrean,4,1,-8.1888463,113.6203429,,,,Puskesmas,Rambigundam
"Ruang MAWAR ,Combus Corner Jember",3,1,-8.1496913,113.7107262,,,,Rumah Sakit,Patrang
"dr.NILUH KETUT SA, M.Kes",5,1,-8.1856746,113.7214033,,,,Klinik,Kloncing
Kosbjember,1,1,-8.1721892,113.7113699,,,,Klinik,Sumbersari
Klinik Pratama Bunda,4,2,-8.2032239,113.4486059,,,,Klinik,Semboro
Puskesmas Muktisari,4.8,5,-8.2053679,113.6976239,QMVX+V25,,,Klinik,Tegal Besar
PKM Klatakan,3.1,10,-8.1854109,113.4839364,,,,Klinik,Klatakan
UKS,,,-8.2507077,113.4180769,,,,Klinik,Jember
Prosalina,,,-8.1788488,113.7163795,,,,Rumah Sakit,Sumbersari
Instalasi Farmasi RSGM UNEJ,,,-8.1606431,113.7178309,,,,Rumah Sakit,Sumbersari
Semakin Anyep Orderane,,,-8.1596377,113.7131337,,,,Rumah Sakit,Sumber Lor
Berobat dr lutfi,4.1,23,-8.3930883,113.5938381,JH4V+QG8,,,Klinik,Sumberrejo
RIS Rumah Indah Sehat,5,9,-8.1375362,113.7363398,,,,Rumah Sakit,Baratan
Omah Sunat Jember,3.7,3,-8.1719462,113.7310282,Ã‚Â·,,,Klinik,Sumbersari
KLINIK SURYA MEDIKA,4,1,-8.1899438,113.8690826,,,,Klinik,Desa Silo
Klinik pratama kasih ibu,4.8,10,-8.274452,113.643332,Jl. Kawi No.36,,,Klinik,Ajung
Praktek Mandiri,,,-8.1682518,113.5192793,,,,Klinik,Curah Kalong
PUSTU Kemuning Sari Lor,4.5,2,-8.1736914,113.6063043,,,,Rumah Sakit,Gugut
KIA,,,-8.2944679,113.6282521,PJ4H+686,,,Rumah Sakit,Ajung
Rumah Khitan Danish,5,1,-8.1986146,113.7192975,Ã‚Â·,,,Klinik,Karangrejo
Dr. Tunsiah,,,-8.2441147,113.6767434,,,,Rumah Sakit,Jenggawah
PKM Semboro,4,8,-8.2082898,113.4408971,,,,Rumah Sakit,Semboro
PKM Mumbulsari,5,6,-8.2562564,113.7452384,Jl. Dr. Subandi No.183,,,Rumah Sakit,Suco
Abah Hasan Bkso Melati,,,-8.2037293,113.6200069,Ã‚Â·,,,Klinik,Rambigundam
Kabag keuangan,,,-8.1509414,113.7137257,,,,Klinik,Patrang
Rumah Sakit IHC Djatiroto,4.6,1511,-8.1184122,113.359133,Jalan PB Sudirman No.81,,,Rumah Sakit,Kaliboto Kidul
Rumah Sakit Bhakti Husada Krikilan Glenmore Banyuwangi / RS Krikilan,4.9,2308,-8.2946935,114.0289159,Jl. rs Bhakti Husada No.11,,,Rumah Sakit,Glenmore
"BPM Ida Yuliani, Amd. Keb",5,4,-8.3411532,113.6431302,Ã‚Â·,,,Rumah Sakit,Pontang
Grenden Karangsono,,,-8.334451,113.4566028,,,,Rumah Sakit,Grenden
Arsika Handayani,,,-8.2168482,113.4493928,,,,Rumah Sakit,Semboro
Klinik Pak Jupri Sebanen,4.4,7,-8.1030499,113.8210074,,,,Klinik,Sumberketempah
Bpm Siti +G302Khasanah,5,2,-8.1271302,113.7441371,,,,Rumah Sakit,Patemon
Puskesmas Rembangan,,,-8.1147642,113.7156033,,,,Puskesmas,Kemuningllor
Biro Konseling dan Psikologi IAIN Jember,4,2,-8.1962852,113.6430974,,,,Rumah Sakit,Jubung
Soto Lamongan Enak Tenan,,1593,-8.175172237,113.7015236,"RPF2+PJH, Jl. Trunojoyo No.51, Kauman, Kepatihan, Kec. Kaliwates, Kabupaten Jember, Jawa Timur 68131",,,Restaurant,Kepatihan
Marry Patisserie,,110,-8.175179837,113.701235,"Jl. Trunojoyo No.55, Kauman, Kepatihan, Kec. Kaliwates, Kabupaten Jember, Jawa Timur 68131",,,Cafe,Kepatihan
Larisso & Now,4.3,1293,-8.264728,113.351476,Krajan I Jombang Kec. Jombang Kabupaten Jember Jawa Timur,,,Restaurant,Jombang

